"","Apple Orchard","Aspen","Crocus","Daffodil","Dandelion","Eeyore's Gloomy Place","Elm","Flower Town","Goldenrod","Grassy Field","Thistle","Linden","Maple","Oak Haven","Owl's House","Poohsticks Bridge","Poplar Point","Puddleton","Rabbit City","Sandy Pit","Six Pine Trees","Streamside","Sunflower","Sycamore","Woozleburg"
"Tiger_HS",0.274124784382968,0.305854578983992,0.248872478278495,0.326009953343291,0.343933194619379,0.412397577132449,0.348129155590718,0.347136617315572,0.509370759257703,0.224822285301511,0.212915749403427,0.240104280681106,0.235595683456476,0.341175551839943,0.323553501161346,0.361826711293827,0.121381732966904,0.252874525299349,0.284658853772302,0.368600656606527,0.353338122861052,0.393827049353199,0.235467835737986,0.130778421552557,0.182723488235247
"Tiger_College",0.180420670162486,0.269902996773584,0.205672976266959,0.189141561808224,0.353036502350317,0.284572119837248,0.348840541378979,0.228620958442004,0.308811058924115,0.229723169243944,0.181023644535966,0.214441173864349,0.158343710482918,0.234582023917633,0.25220407459623,0.153324803857688,0.0907394791543078,0.201670929246105,0.230492661379213,0.26776297975711,0.283025513502584,0.303142647616499,0.158471558201408,0.141948851174716,0.150609845098087
"Bear_HS",0.328949741259562,0.225366531882941,0.298646973934194,0.306832897264274,0.149536171573643,0.179303294405412,0.151360502430747,0.255784875916737,0.113193502057267,0.269786742361813,0.327562691389888,0.288125136817327,0.362454897625348,0.251392511882063,0.238407842960992,0.340542787100073,0.450846436734216,0.303449430359219,0.267914215315108,0.210628946632301,0.201907498777744,0.171229151892695,0.36225820882767,0.348742457473484,0.365446976470493
"Bear_College",0.216504804194983,0.198875892359483,0.246807571520351,0.178015587584211,0.15349413145666,0.123727008624891,0.151669800599556,0.168457548325687,0.0686246797609145,0.275667803092732,0.278497914670718,0.257329408637219,0.243605708435258,0.172849912360361,0.185834581281433,0.144305697748412,0.337032351144572,0.242005115095326,0.216934269533377,0.153007417004063,0.16172886485862,0.131801151137608,0.243802397232936,0.378530269799243,0.301219690196173
